<PAMDataset>
  <Metadata />
  <Metadata domain="Esri">
    <MDI key="PyramidResamplingType">NEAREST</MDI>
  </Metadata>
  <PAMRasterBand band="1">
    <Histograms>
      <HistItem>
        <HistMin>598.1223754882813</HistMin>
        <HistMax>1853.803955078125</HistMax>
        <BucketCount>256</BucketCount>
        <IncludeOutOfRange>1</IncludeOutOfRange>
        <Approximate>0</Approximate>
        <HistCounts>9|19|34|44|30|40|38|30|30|27|49|42|45|77|56|50|63|88|56|58|46|62|54|42|51|57|66|54|65|45|56|56|59|65|61|57|78|72|75|85|103|82|76|64|83|77|68|92|89|80|61|66|80|79|71|72|79|63|69|82|69|55|75|49|55|54|50|52|57|62|55|55|45|53|50|54|60|47|51|49|47|41|46|40|47|52|54|44|37|45|33|40|30|46|47|39|36|36|60|40|52|63|49|63|53|45|69|63|51|63|73|48|55|41|50|46|49|48|54|61|44|51|46|64|63|41|50|45|47|50|43|58|44|64|46|49|59|49|52|56|43|43|54|38|38|29|33|34|43|33|42|28|28|24|21|23|23|22|22|25|22|8|17|17|11|7|14|9|14|6|10|8|5|7|10|14|9|7|4|9|2|5|5|3|9|8|3|6|5|7|3|8|6|4|5|3|6|7|6|5|8|2|0|1|7|6|2|5|2|3|3|6|4|3|3|0|3|2|3|1|1|1|3|2|0|3|2|2|3|2|1|1|3|2|4|4|1|1|0|1|1|1|0|2|1|1|0|0|0|0|0|0|0|0|0|1</HistCounts>
      </HistItem>
    </Histograms>
    <Metadata>
      <MDI key="STATISTICS_MINIMUM">598.12237548828</MDI>
      <MDI key="STATISTICS_MAXIMUM">1853.8039550781</MDI>
      <MDI key="STATISTICS_MEAN">994.42972610896</MDI>
      <MDI key="STATISTICS_STDDEV">238.18090817187</MDI>
      <MDI key="STATISTICS_SKIPFACTORX">1</MDI>
      <MDI key="STATISTICS_SKIPFACTORY">1</MDI>
      <MDI key="STATISTICS_EXCLUDEDVALUES"></MDI>
      <MDI key="STATISTICS_COVARIANCES">56730.1450175773</MDI>
    </Metadata>
  </PAMRasterBand>
</PAMDataset>
