<PAMDataset>
  <Metadata />
  <Metadata domain="Esri">
    <MDI key="PyramidResamplingType">NEAREST</MDI>
  </Metadata>
  <PAMRasterBand band="1">
    <Histograms>
      <HistItem>
        <HistMin>-0.5</HistMin>
        <HistMax>9.5</HistMax>
        <BucketCount>10</BucketCount>
        <IncludeOutOfRange>1</IncludeOutOfRange>
        <Approximate>0</Approximate>
        <HistCounts>0|77702|0|409|4619|9025|1898099|4935578|694810|62747</HistCounts>
      </HistItem>
    </Histograms>
    <GDALRasterAttributeTable>
      <FieldDefn index="0">
        <Name>OBJECTID</Name>
        <Type>0</Type>
        <Usage>0</Usage>
      </FieldDefn>
      <FieldDefn index="1">
        <Name>Value</Name>
        <Type>0</Type>
        <Usage>0</Usage>
      </FieldDefn>
      <FieldDefn index="2">
        <Name>Count</Name>
        <Type>1</Type>
        <Usage>0</Usage>
      </FieldDefn>
      <FieldDefn index="3">
        <Name>DR_LAND</Name>
        <Type>1</Type>
        <Usage>0</Usage>
      </FieldDefn>
      <Row index="0">
        <F>1</F>
        <F>1</F>
        <F>77702</F>
        <F>0</F>
      </Row>
      <Row index="1">
        <F>2</F>
        <F>3</F>
        <F>409</F>
        <F>0</F>
      </Row>
      <Row index="2">
        <F>3</F>
        <F>4</F>
        <F>4619</F>
        <F>0</F>
      </Row>
      <Row index="3">
        <F>4</F>
        <F>5</F>
        <F>9025</F>
        <F>0</F>
      </Row>
      <Row index="4">
        <F>5</F>
        <F>6</F>
        <F>1898099</F>
        <F>0.848717212677002</F>
      </Row>
      <Row index="5">
        <F>6</F>
        <F>7</F>
        <F>4935578</F>
        <F>0.9791858196258545</F>
      </Row>
      <Row index="6">
        <F>7</F>
        <F>8</F>
        <F>694810</F>
        <F>1.783497333526611</F>
      </Row>
      <Row index="7">
        <F>8</F>
        <F>9</F>
        <F>62747</F>
        <F>0</F>
      </Row>
    </GDALRasterAttributeTable>
    <Metadata>
      <MDI key="STATISTICS_MINIMUM">1</MDI>
      <MDI key="STATISTICS_MAXIMUM">9</MDI>
      <MDI key="STATISTICS_MEAN">6.7946697567835</MDI>
      <MDI key="STATISTICS_STDDEV">0.83847615566019</MDI>
      <MDI key="STATISTICS_SKIPFACTORX">1</MDI>
      <MDI key="STATISTICS_SKIPFACTORY">1</MDI>
      <MDI key="STATISTICS_EXCLUDEDVALUES"></MDI>
      <MDI key="STATISTICS_COVARIANCES">0.70304226361069</MDI>
    </Metadata>
  </PAMRasterBand>
</PAMDataset>
